날짜,총 조회수,변동
2025년 10월 22일,235655780,0
2025년 10월 23일,237283848,1628068
2025년 10월 24일,238648716,1364868
2025년 10월 25일,239493215,844499
2025년 10월 26일,241699587,2206372
2025년 10월 27일,243139732,1440145
2025년 10월 28일,244966134,1826402
2025년 10월 29일,246113530,1147396
2025년 10월 30일,247204137,1090607
2025년 10월 31일,248294743,1090606
2025년 11월 01일,250676278,2381535
2025년 11월 02일,252365436,1689158
2025년 11월 03일,254054593,1689157
2025년 11월 04일,255193184,1138591
2025년 11월 05일,257498736,2305552
2025년 11월 06일,258350392,851656
2025년 11월 07일,259535508,1185116
2025년 11월 08일,260967514,1432006
2025년 11월 09일,263287771,2320257
2025년 11월 10일,264640606,1352835
2025년 11월 11일,265993440,1352834
2025년 11월 12일,267933816,1940376
2025년 11월 13일,269762360,1828544
2025년 11월 14일,271401382,1639022
2025년 11월 15일,273212772,1811390
2025년 11월 16일,274019245,806473
2025년 11월 17일,275779534,1760289
2025년 11월 18일,276805331,1025797
2025년 11월 19일,278081131,1275800
2025년 11월 20일,279356931,1275800
2025년 11월 21일,280892043,1535112
2025년 11월 22일,282427155,1535112
2025년 11월 23일,283962266,1535111
2025년 11월 24일,285497378,1535112
2025년 11월 25일,287032490,1535112
2025년 11월 26일,288662445,1629955
2025년 11월 27일,290208360,1545915
2025년 11월 28일,291410346,1201986
2025년 11월 29일,292921183,1510837
2025년 11월 30일,294623341,1702158
2025년 12월 01일,296011726,1388385
2025년 12월 02일,296765783,754057
2025년 12월 03일,298566690,1800907
2025년 12월 04일,299958434,1391744
2025년 12월 05일,301493470,1535036
2025년 12월 06일,302916586,1423116
2025년 12월 07일,303899675,983089
2025년 12월 08일,304882764,983089
2025년 12월 09일,305592907,710143
2025년 12월 10일,306303049,710142
2025년 12월 11일,308517757,2214708
2025년 12월 12일,309779557,1261800
2025년 12월 13일,310768997,989440
2025년 12월 14일,311758436,989439
2025년 12월 15일,312822875,1064439
2025년 12월 16일,313887314,1064439
2025년 12월 17일,316049605,2162291
2025년 12월 18일,317223005,1173400
2025년 12월 19일,318414409,1191404
2025년 12월 20일,319673984,1259575
2025년 12월 21일,320822865,1148881
2025년 12월 22일,321999358,1176493
2025년 12월 23일,323432827,1433469
2025년 12월 24일,324587039,1154212
2025년 12월 25일,325741250,1154211
2025년 12월 26일,327442053,1700803
2025년 12월 27일,328996852,1554799
2025년 12월 28일,329669510,672658
2025년 12월 29일,330342168,672658
2025년 12월 30일,332736106,2393938
2025년 12월 31일,333920138,1184032
2026년 01월 01일,334838637,918499
2026년 01월 02일,336577187,1738550
2026년 01월 03일,337996464,1419277
2026년 01월 04일,339346083,1349619
2026년 01월 05일,340135208,789125
2026년 01월 06일,340712575,577367
2026년 01월 07일,341758675,1046100
2026년 01월 08일,342804775,1046100
2026년 01월 09일,344302181,1497406
2026년 01월 10일,345515997,1213816
2026년 01월 11일,346644547,1128550
2026년 01월 12일,347773096,1128549
2026년 01월 13일,348901646,1128550
2026년 01월 14일,350030195,1128549
2026년 01월 15일,351701208,1671013
2026년 01월 16일,353028653,1327445
2026년 01월 17일,354532972,1504319
2026년 01월 18일,355477415,944443
2026년 01월 19일,356537315,1059900
2026년 01월 20일,357597215,1059900
2026년 01월 21일,358799800,1202585
2026년 01월 22일,360002386,1202586
2026년 01월 23일,361204971,1202585
2026년 01월 24일,362407556,1202585
2026년 01월 25일,363705332,1297776
2026년 01월 27일,1552741368,0
